OER+for+teachers+AND+Wikidata,en
OER+for+teachers+AND+wiki,en
tools+for+teachers+AND+wiki,en
resources+for+teachers+AND+wiki,en
"wikimedia+AND+open+education+AND+"".ch""",en
site:.org+AND+open+AND+education+or+educational+AND+wiki,en
site:.org+AND++teaching+AND+related:+wiki,en
site:.org+AND+teaching+AND+class+AND+wiki,en
site:.org+AND+teaching+AND+class+AND+wiki+AND+filetype:ppt,en
site:.org+AND+teaching+AND+class+AND+wiki+AND+intitle:science,en
class+AND+intitle:geography+AND+inanchor:wiki,en
education+AND+game+AND+wiki+AND+intitle:+game,en
education+AND+teaching+AND+intitle:+wiki+AND+open,en
lehren+mit+WIKI,de
inanchor:wikipedia+AND+education+AND+teaching,en
